1,user1,password1,123456789,John Doe,john@example.com,photo1.jpg
2,user2,password2,987654321,Jane Smith,jane@example.com,photo2.jpg
3,user3,password3,112233445,Alice Johnson,alice@example.com,photo3.jpg
4,user4,password4,556677889,Bob Brown,bob@example.com,photo4.jpg
5,Myroslav,285285285,1111,Myroslav Glushko,mg@gmail.com,mg.jpeg
6,musk,111111,12345,Elon Musk,em@gmail.com,em.jpeg
7,new,12345,12345,lee yo,ly@i.i,lu.jpeg
8,Olena,123,11111111,Ole Ye,oy@gmail.com,o.jpeg
9,myk,123,1111,myk myk,myk@myk.vom,myk.jpeg
10,al,winpod-duppuq-4qevFi,11111,aaaa,aaa@a,aaa
11,2222,2222,2222,2222,22@22,222
